Modell,Noggrannhet
XGBoost,0.743065693430657
Logistic Regression,0.7325547445255475
KNN,0.714014598540146
Decision Tree,0.7366423357664234
Ensemble (Voting),0.7411678832116788
